insert into categories (id, name) values (1, 'Rostro');
insert into categories (id, name) values (2, 'Cuidado Capilar');
insert into categories (id, name) values (3, 'Cuidado Corporal');
insert into categories (id, name) values (4, 'Sale');
insert into categories (id, name) values (5, 'Combos');
insert into categories (id, name) values (6, 'Accesorios');
insert into country (id, name) values (1, 'Argentina');
insert into country (id, name) values (2, 'Uruguay');
insert into country (id, name) values (3, 'Brasil');
insert into country (id, name) values (4, 'Colombia');
insert into country (id, name) values (5, 'Chile');
insert into country (id, name) values (6, 'Bolivia');
insert into country (id, name) values (7, 'Ecuador');
insert into country (id, name) values (8, 'Paraguay');
insert into country (id, name) values (9, 'Perú');
insert into country (id, name) values (10, 'Venezuela');
insert into promo (id, name, value) values (1, 'Club La Nacion', 25);
insert into promo (id, name, value) values (2, 'Clarin 365', 20);
insert into promo (id, name, value) values (3, 'Club Personal', 25);
insert into promo (id, name, value) values (4, 'Santander Rio Women', 35);
insert into promo (id, name, value) values (5, 'Amex', 10);
insert into promo (id, name, value) values (6, 'Codigo de Descuento', 15);
insert into promo (id, name, value) values (7, 'Quiero Galicia', 30);
insert into promo (id, name, value) values (8, 'Tienda Supervielle', 20);
insert into promo (id, name, value) values (9, 'Club Claro', 20);
insert into role (id, name) values (1, 'Admin');
insert into role (id, name) values (2, 'User');
insert into role (id, name) values (3, 'Moderator');
insert into tax (id, name, value) values (1, 'I.V.A.', 21);
insert into tax (id, name, value) values (2, 'I.I.B.B. C.A.B.A.', 5);
insert into tax (id, name, value) values (3, 'I.I.B.B. Bs. As.', 7.50);
insert into address (id, street, number, floor, cp, city, province, country_id) values (1, 'Neuquen', '1500', '1-C', '1406', 'CABA', 'CABA', 1);
insert into address (id, street, number, floor, cp, city, province, country_id) values (2, 'Mariano Acosta', '740', 'PB-1', '1407', 'CABA', 'CABA', 1);
insert into address (id, street, number, floor, cp, city, province, country_id) values (3, '18 de Julio', '1332', '-', '11000', 'Montevideo', 'Montevideo', 2);
insert into address (id, street, number, floor, cp, city, province, country_id) values (4, 'Neuquen', '663', '4-13', '1405', 'CABA', 'CABA', 1);
insert into address (id, street, number, floor, cp, city, province, country_id) values (5, 'Av. Libertador', '600', '-', '1646', 'San Fernando', 'Buenos Aires', 1);
insert into address (id, street, number, floor, cp, city, province, country_id) values (6, 'Marcelo T. de Alvear', '120', '1-A', '5000', 'Córdoba', 'Córdoba', 1);
insert into address (id, street, number, floor, cp, city, province, country_id) values (7, 'Carrera 22', '167', '-', '170001', 'Mañizales', 'Caldas', 4);
insert into products (id, name, description, image, category_id, quantity, price) values (1, 'BÁLSAMO LABIAL DE CACAO', 'nulla suspendisse potenti cras in purus eu magna vulputate luctus cum sociis natoque penatibus et magnis dis parturient montes', 'https://robohash.org/asperioresminimaut.png?size=50x50&set=set1', 1, 10, 170);
insert into products (id, name, description, image, category_id, quantity, price) values (2, 'EXFOLIANTE FACIAL DE CAFÉ Y AZÚCAR', 'nulla suspendisse potenti cras in purus eu magna vulputate luctus cum sociis natoque penatibus et magnis dis parturient montes', 'https://robohash.org/nemoassumendaest.png?size=50x50&set=set1', 1, 15, 320);
insert into products (id, name, description, image, category_id, quantity, price) values (3, 'JABÓN CORPORAL DE ROSA MOSQUETA', 'nulla suspendisse potenti cras in purus eu magna vulputate luctus cum sociis natoque penatibus et magnis dis parturient montes', 'https://robohash.org/autemassumendasit.png?size=50x50&set=set1', 2, 8, 210);
insert into products (id, name, description, image, category_id, quantity, price) values (4, 'SHAMPOO SÓLIDO FORTALECEDOR DE ORTIGA Y ROMERO', 'nulla suspendisse potenti cras in purus eu magna vulputate luctus cum sociis natoque penatibus et magnis dis parturient montes', 'https://robohash.org/quiadelenitiquos.png?size=50x50&set=set1', 3, 14, 400);
insert into products (id, name, description, image, category_id, quantity, price) values (5, 'BÁLSAMO LABIAL DE CAFÉ', 'nulla suspendisse potenti cras in purus eu magna vulputate luctus cum sociis natoque penatibus et magnis dis parturient montes', 'https://robohash.org/consequunturdebitiseum.png?size=50x50&set=set1', 1, 5, 180);
insert into products (id, name, description, image, category_id, quantity, price) values (6, 'EXFOLIANTE CORPORAL DE LIMÓN Y ROMERO', 'nulla suspendisse potenti cras in purus eu magna vulputate luctus cum sociis natoque penatibus et magnis dis parturient montes', 'https://robohash.org/assumendaadipisciconsequatur.png?size=50x50&set=set1', 2, 7, 290);
insert into products (id, name, description, image, category_id, quantity, price) values (7, 'JABÓN DETOX DE OLIVA Y CARBÓN', 'nulla suspendisse potenti cras in purus eu magna vulputate luctus cum sociis natoque penatibus et magnis dis parturient montes', 'https://robohash.org/essequodsunt.png?size=50x50&set=set1', 2, 12, 230);
insert into products (id, name, description, image, category_id, quantity, price) values (8, 'SHAMPOO SÓLIDO REPARADOR KARITÉ', 'nulla suspendisse potenti cras in purus eu magna vulputate luctus cum sociis natoque penatibus et magnis dis parturient montes', 'https://robohash.org/saepecupiditateveritatis.png?size=50x50&set=set1', 3, 17, 210);
insert into users (id, first_name, last_name, date, address_id, phone, avatar, email, password_hash, role_id) values (1, 'Lucas', 'Nicolás', '14/09/1992', 1, '1122334455', 'RAZ8sqqw', 'lucas@bhoomi.com', 'tv7LFZ1', 1);
insert into users (id, first_name, last_name, date, address_id, phone, avatar, email, password_hash, role_id) values (2, 'María Laura', 'Stirparo', '30/01/1990', 2, '1133445566', 'ZYrmO7WYQ', 'laura@bhoomi.com', 'Nhv9JlBQ', 1);
insert into users (id, first_name, last_name, date, address_id, phone, avatar, email, password_hash, role_id) values (3, 'Micaela', 'De Mello', '14/12/1995', 3, '59896444111', 'AQDDwS4alKr', 'micaela@bhoomi.com', 'kNqd7e', 1);
insert into users (id, first_name, last_name, date, address_id, phone, avatar, email, password_hash, role_id) values (4, 'Juan Román', 'Riquelme', '24/06/1978', 4, '1112121212', 'AjIM0iz', 'riquelme@hotmail.com', '1sZl50o', 2);
insert into users (id, first_name, last_name, date, address_id, phone, avatar, email, password_hash, role_id) values (5, 'Lady', 'Gaga', '28/03/1986', 5, '1124536795', 'Zlkrok7CLYEx', 'gaga@yahoo.com', 'bICV0DD1YdZ', 2);
insert into users (id, first_name, last_name, date, address_id, phone, avatar, email, password_hash, role_id) values (6, 'Taylor', 'Swift', '13/12/1989', 6, '1185946542', 'b9RrI7RBkf', 'lataylor@gmail.com', 'wMBUwK', 2);
insert into users (id, first_name, last_name, date, address_id, phone, avatar, email, password_hash, role_id) values (7, 'Jorge', 'Bermudéz', '18/06/1971', 7, '1100120012', 'bQrAi14T8y', 'elpatron@hotmail.com', 'BYk7yb', 2);